{
    "uppercase": {
        "size": 26,
        "isUnicode": false,
        "regexp": "[A-Z]"
    },
    "lowercase": {
        "size": 26,
        "isUnicode": false,
        "regexp": "[a-z]"
    },
    "digits": {
        "size": 10,
        "isUnicode": false,
        "regexp": "[0-9]"
    },
    "unicode1": {
        "size": 127,
        "isUnicode": true,
        "regexp": "[\\u0080-\\u00FF]"
    },
    "unicode2": {
        "size": 127,
        "isUnicode": true,
        "regexp": "[\\u0100-\\u017F]"
    },
    "unicode3": {
        "size": 207,
        "isUnicode": true,
        "regexp": "[\\u0180-\\u024F]"
    },
    "unicode4": {
        "size": 95,
        "isUnicode": true,
        "regexp": "[\\u0250-\\u02AF]"
    },
    "unicode5": {
        "size": 79,
        "isUnicode": true,
        "regexp": "[\\u02B0-\\u02FF]"
    },
    "unicode6": {
        "size": 111,
        "isUnicode": true,
        "regexp": "[\\u0300-\\u036F]"
    },
    "unicode7": {
        "size": 143,
        "isUnicode": true,
        "regexp": "[\\u0370-\\u03FF]"
    },
    "unicode8": {
        "size": 255,
        "isUnicode": true,
        "regexp": "[\\u0400-\\u04FF]"
    },
    "unicode9": {
        "size": 47,
        "isUnicode": true,
        "regexp": "[\\u0500-\\u052F]"
    },
    "unicode10": {
        "size": 95,
        "isUnicode": true,
        "regexp": "[\\u0530-\\u058F]"
    },
    "unicode11": {
        "size": 111,
        "isUnicode": true,
        "regexp": "[\\u0590-\\u05FF]"
    },
    "unicode12": {
        "size": 255,
        "isUnicode": true,
        "regexp": "[\\u0600-\\u06FF]"
    },
    "unicode13": {
        "size": 79,
        "isUnicode": true,
        "regexp": "[\\u0700-\\u074F]"
    },
    "unicode14": {
        "size": 47,
        "isUnicode": true,
        "regexp": "[\\u0750-\\u077F]"
    },
    "unicode15": {
        "size": 63,
        "isUnicode": true,
        "regexp": "[\\u0780-\\u07BF]"
    },
    "unicode16": {
        "size": 63,
        "isUnicode": true,
        "regexp": "[\\u07C0-\\u07FF]"
    },
    "unicode17": {
        "size": 127,
        "isUnicode": true,
        "regexp": "[\\u0900-\\u097F]"
    },
    "unicode18": {
        "size": 127,
        "isUnicode": true,
        "regexp": "[\\u0980-\\u09FF]"
    },
    "unicode19": {
        "size": 127,
        "isUnicode": true,
        "regexp": "[\\u0A00-\\u0A7F]"
    },
    "unicode20": {
        "size": 127,
        "isUnicode": true,
        "regexp": "[\\u0A80-\\u0AFF]"
    },
    "unicode21": {
        "size": 127,
        "isUnicode": true,
        "regexp": "[\\u0B00-\\u0B7F]"
    },
    "unicode22": {
        "size": 127,
        "isUnicode": true,
        "regexp": "[\\u0B80-\\u0BFF]"
    },
    "unicode23": {
        "size": 127,
        "isUnicode": true,
        "regexp": "[\\u0C00-\\u0C7F]"
    },
    "unicode24": {
        "size": 127,
        "isUnicode": true,
        "regexp": "[\\u0C80-\\u0CFF]"
    },
    "unicode25": {
        "size": 127,
        "isUnicode": true,
        "regexp": "[\\u0D00-\\u0D7F]"
    },
    "unicode26": {
        "size": 127,
        "isUnicode": true,
        "regexp": "[\\u0D80-\\u0DFF]"
    },
    "unicode27": {
        "size": 127,
        "isUnicode": true,
        "regexp": "[\\u0E00-\\u0E7F]"
    },
    "unicode28": {
        "size": 127,
        "isUnicode": true,
        "regexp": "[\\u0E80-\\u0EFF]"
    },
    "unicode29": {
        "size": 255,
        "isUnicode": true,
        "regexp": "[\\u0F00-\\u0FFF]"
    },
    "unicode30": {
        "size": 159,
        "isUnicode": true,
        "regexp": "[\\u1000-\\u109F]"
    },
    "unicode31": {
        "size": 95,
        "isUnicode": true,
        "regexp": "[\\u10A0-\\u10FF]"
    },
    "unicode32": {
        "size": 255,
        "isUnicode": true,
        "regexp": "[\\u1100-\\u11FF]"
    },
    "unicode33": {
        "size": 383,
        "isUnicode": true,
        "regexp": "[\\u1200-\\u137F]"
    },
    "unicode34": {
        "size": 31,
        "isUnicode": true,
        "regexp": "[\\u1380-\\u139F]"
    },
    "unicode35": {
        "size": 95,
        "isUnicode": true,
        "regexp": "[\\u13A0-\\u13FF]"
    },
    "unicode36": {
        "size": 639,
        "isUnicode": true,
        "regexp": "[\\u1400-\\u167F]"
    },
    "unicode37": {
        "size": 31,
        "isUnicode": true,
        "regexp": "[\\u1680-\\u169F]"
    },
    "unicode38": {
        "size": 95,
        "isUnicode": true,
        "regexp": "[\\u16A0-\\u16FF]"
    },
    "unicode39": {
        "size": 31,
        "isUnicode": true,
        "regexp": "[\\u1700-\\u171F]"
    },
    "unicode40": {
        "size": 31,
        "isUnicode": true,
        "regexp": "[\\u1720-\\u173F]"
    },
    "unicode41": {
        "size": 31,
        "isUnicode": true,
        "regexp": "[\\u1740-\\u175F]"
    },
    "unicode42": {
        "size": 31,
        "isUnicode": true,
        "regexp": "[\\u1760-\\u177F]"
    },
    "unicode43": {
        "size": 127,
        "isUnicode": true,
        "regexp": "[\\u1780-\\u17FF]"
    },
    "unicode44": {
        "size": 175,
        "isUnicode": true,
        "regexp": "[\\u1800-\\u18AF]"
    },
    "unicode45": {
        "size": 79,
        "isUnicode": true,
        "regexp": "[\\u1900-\\u194F]"
    },
    "unicode46": {
        "size": 47,
        "isUnicode": true,
        "regexp": "[\\u1950-\\u197F]"
    },
    "unicode47": {
        "size": 95,
        "isUnicode": true,
        "regexp": "[\\u1980-\\u19DF]"
    },
    "unicode48": {
        "size": 31,
        "isUnicode": true,
        "regexp": "[\\u19E0-\\u19FF]"
    },
    "unicode49": {
        "size": 31,
        "isUnicode": true,
        "regexp": "[\\u1A00-\\u1A1F]"
    },
    "unicode50": {
        "size": 127,
        "isUnicode": true,
        "regexp": "[\\u1B00-\\u1B7F]"
    },
    "unicode51": {
        "size": 127,
        "isUnicode": true,
        "regexp": "[\\u1D00-\\u1D7F]"
    },
    "unicode52": {
        "size": 63,
        "isUnicode": true,
        "regexp": "[\\u1D80-\\u1DBF]"
    },
    "unicode53": {
        "size": 63,
        "isUnicode": true,
        "regexp": "[\\u1DC0-\\u1DFF]"
    },
    "unicode54": {
        "size": 255,
        "isUnicode": true,
        "regexp": "[\\u1E00-\\u1EFF]"
    },
    "unicode55": {
        "size": 255,
        "isUnicode": true,
        "regexp": "[\\u1F00-\\u1FFF]"
    },
    "unicode56": {
        "size": 111,
        "isUnicode": true,
        "regexp": "[\\u2000-\\u206F]"
    },
    "unicode57": {
        "size": 47,
        "isUnicode": true,
        "regexp": "[\\u2070-\\u209F]"
    },
    "unicode58": {
        "size": 47,
        "isUnicode": true,
        "regexp": "[\\u20A0-\\u20CF]"
    },
    "unicode59": {
        "size": 47,
        "isUnicode": true,
        "regexp": "[\\u20D0-\\u20FF]"
    },
    "unicode60": {
        "size": 79,
        "isUnicode": true,
        "regexp": "[\\u2100-\\u214F]"
    },
    "unicode61": {
        "size": 63,
        "isUnicode": true,
        "regexp": "[\\u2150-\\u218F]"
    },
    "unicode62": {
        "size": 111,
        "isUnicode": true,
        "regexp": "[\\u2190-\\u21FF]"
    },
    "unicode63": {
        "size": 255,
        "isUnicode": true,
        "regexp": "[\\u2200-\\u22FF]"
    },
    "unicode64": {
        "size": 255,
        "isUnicode": true,
        "regexp": "[\\u2300-\\u23FF]"
    },
    "unicode65": {
        "size": 63,
        "isUnicode": true,
        "regexp": "[\\u2400-\\u243F]"
    },
    "unicode66": {
        "size": 31,
        "isUnicode": true,
        "regexp": "[\\u2440-\\u245F]"
    },
    "unicode67": {
        "size": 159,
        "isUnicode": true,
        "regexp": "[\\u2460-\\u24FF]"
    },
    "unicode68": {
        "size": 127,
        "isUnicode": true,
        "regexp": "[\\u2500-\\u257F]"
    },
    "unicode69": {
        "size": 31,
        "isUnicode": true,
        "regexp": "[\\u2580-\\u259F]"
    },
    "unicode70": {
        "size": 95,
        "isUnicode": true,
        "regexp": "[\\u25A0-\\u25FF]"
    },
    "unicode71": {
        "size": 255,
        "isUnicode": true,
        "regexp": "[\\u2600-\\u26FF]"
    },
    "unicode72": {
        "size": 191,
        "isUnicode": true,
        "regexp": "[\\u2700-\\u27BF]"
    },
    "unicode73": {
        "size": 47,
        "isUnicode": true,
        "regexp": "[\\u27C0-\\u27EF]"
    },
    "unicode74": {
        "size": 15,
        "isUnicode": true,
        "regexp": "[\\u27F0-\\u27FF]"
    },
    "unicode75": {
        "size": 255,
        "isUnicode": true,
        "regexp": "[\\u2800-\\u28FF]"
    },
    "unicode76": {
        "size": 127,
        "isUnicode": true,
        "regexp": "[\\u2900-\\u297F]"
    },
    "unicode77": {
        "size": 127,
        "isUnicode": true,
        "regexp": "[\\u2980-\\u29FF]"
    },
    "unicode78": {
        "size": 255,
        "isUnicode": true,
        "regexp": "[\\u2A00-\\u2AFF]"
    },
    "unicode79": {
        "size": 255,
        "isUnicode": true,
        "regexp": "[\\u2B00-\\u2BFF]"
    },
    "unicode80": {
        "size": 95,
        "isUnicode": true,
        "regexp": "[\\u2C00-\\u2C5F]"
    },
    "unicode81": {
        "size": 31,
        "isUnicode": true,
        "regexp": "[\\u2C60-\\u2C7F]"
    },
    "unicode82": {
        "size": 127,
        "isUnicode": true,
        "regexp": "[\\u2C80-\\u2CFF]"
    },
    "unicode83": {
        "size": 47,
        "isUnicode": true,
        "regexp": "[\\u2D00-\\u2D2F]"
    },
    "unicode84": {
        "size": 79,
        "isUnicode": true,
        "regexp": "[\\u2D30-\\u2D7F]"
    },
    "unicode85": {
        "size": 95,
        "isUnicode": true,
        "regexp": "[\\u2D80-\\u2DDF]"
    },
    "unicode86": {
        "size": 127,
        "isUnicode": true,
        "regexp": "[\\u2E00-\\u2E7F]"
    },
    "unicode87": {
        "size": 127,
        "isUnicode": true,
        "regexp": "[\\u2E80-\\u2EFF]"
    },
    "unicode88": {
        "size": 223,
        "isUnicode": true,
        "regexp": "[\\u2F00-\\u2FDF]"
    },
    "unicode89": {
        "size": 15,
        "isUnicode": true,
        "regexp": "[\\u2FF0-\\u2FFF]"
    },
    "unicode90": {
        "size": 63,
        "isUnicode": true,
        "regexp": "[\\u3000-\\u303F]"
    },
    "unicode91": {
        "size": 95,
        "isUnicode": true,
        "regexp": "[\\u3040-\\u309F]"
    },
    "unicode92": {
        "size": 95,
        "isUnicode": true,
        "regexp": "[\\u30A0-\\u30FF]"
    },
    "unicode93": {
        "size": 47,
        "isUnicode": true,
        "regexp": "[\\u3100-\\u312F]"
    },
    "unicode94": {
        "size": 95,
        "isUnicode": true,
        "regexp": "[\\u3130-\\u318F]"
    },
    "unicode95": {
        "size": 15,
        "isUnicode": true,
        "regexp": "[\\u3190-\\u319F]"
    },
    "unicode96": {
        "size": 31,
        "isUnicode": true,
        "regexp": "[\\u31A0-\\u31BF]"
    },
    "unicode97": {
        "size": 47,
        "isUnicode": true,
        "regexp": "[\\u31C0-\\u31EF]"
    },
    "unicode98": {
        "size": 15,
        "isUnicode": true,
        "regexp": "[\\u31F0-\\u31FF]"
    },
    "unicode99": {
        "size": 255,
        "isUnicode": true,
        "regexp": "[\\u3200-\\u32FF]"
    },
    "unicode100": {
        "size": 255,
        "isUnicode": true,
        "regexp": "[\\u3300-\\u33FF]"
    },
    "unicode101": {
        "size": 6591,
        "isUnicode": true,
        "regexp": "[\\u3400-\\u4DBF]"
    },
    "unicode102": {
        "size": 63,
        "isUnicode": true,
        "regexp": "[\\u4DC0-\\u4DFF]"
    },
    "unicode103": {
        "size": 20991,
        "isUnicode": true,
        "regexp": "[\\u4E00-\\u9FFF]"
    },
    "unicode104": {
        "size": 1167,
        "isUnicode": true,
        "regexp": "[\\uA000-\\uA48F]"
    },
    "unicode105": {
        "size": 63,
        "isUnicode": true,
        "regexp": "[\\uA490-\\uA4CF]"
    },
    "unicode106": {
        "size": 31,
        "isUnicode": true,
        "regexp": "[\\uA700-\\uA71F]"
    },
    "unicode107": {
        "size": 223,
        "isUnicode": true,
        "regexp": "[\\uA720-\\uA7FF]"
    },
    "unicode108": {
        "size": 47,
        "isUnicode": true,
        "regexp": "[\\uA800-\\uA82F]"
    },
    "unicode109": {
        "size": 63,
        "isUnicode": true,
        "regexp": "[\\uA840-\\uA87F]"
    },
    "unicode110": {
        "size": 11183,
        "isUnicode": true,
        "regexp": "[\\uAC00-\\uD7AF]"
    },
    "unicode111": {
        "size": 895,
        "isUnicode": true,
        "regexp": "[\\uD800-\\uDB7F]"
    },
    "unicode112": {
        "size": 127,
        "isUnicode": true,
        "regexp": "[\\uDB80-\\uDBFF]"
    },
    "unicode113": {
        "size": 1023,
        "isUnicode": true,
        "regexp": "[\\uDC00-\\uDFFF]"
    },
    "unicode114": {
        "size": 6399,
        "isUnicode": true,
        "regexp": "[\\uE000-\\uF8FF]"
    },
    "unicode115": {
        "size": 511,
        "isUnicode": true,
        "regexp": "[\\uF900-\\uFAFF]"
    },
    "unicode116": {
        "size": 79,
        "isUnicode": true,
        "regexp": "[\\uFB00-\\uFB4F]"
    },
    "unicode117": {
        "size": 687,
        "isUnicode": true,
        "regexp": "[\\uFB50-\\uFDFF]"
    },
    "unicode118": {
        "size": 15,
        "isUnicode": true,
        "regexp": "[\\uFE00-\\uFE0F]"
    },
    "unicode119": {
        "size": 15,
        "isUnicode": true,
        "regexp": "[\\uFE10-\\uFE1F]"
    },
    "unicode120": {
        "size": 15,
        "isUnicode": true,
        "regexp": "[\\uFE20-\\uFE2F]"
    },
    "unicode121": {
        "size": 31,
        "isUnicode": true,
        "regexp": "[\\uFE30-\\uFE4F]"
    },
    "unicode122": {
        "size": 31,
        "isUnicode": true,
        "regexp": "[\\uFE50-\\uFE6F]"
    },
    "unicode123": {
        "size": 143,
        "isUnicode": true,
        "regexp": "[\\uFE70-\\uFEFF]"
    },
    "unicode124": {
        "size": 239,
        "isUnicode": true,
        "regexp": "[\\uFF00-\\uFFEF]"
    },
    "unicode125": {
        "size": 15,
        "isUnicode": true,
        "regexp": "[\\uFFF0-\\uFFFF]"
    },
    "symbols": {
        "size": 32,
        "isUnicode": false,
        "regexp": "match-all"
    }
}