{
    "name":"CFConcurrent",
    "type":"projects",
    "version":"2.1.3+0000077",
    "location":"https://s3.eu-west-2.amazonaws.com/pixl8-public-packages/cfconcurrent/cfconcurrent-2.1.3-0000077.zip",
    "author":"Marc Esher",
    "homepage":"https://github.com/pixl8/cfconcurrent",
    "documentation":"https://github.com/pixl8/cfconcurrent/wiki",
    "repository":{
        "type":"github",
        "URL":"https://github.com/pixl8/cfconcurrent"
    },
    "bugs":"https://github.com/pixl8/cfconcurrent/issues",
    "slug":"cfconcurrent",
    "shortDescription":"A boilerplate-reduction library for using the Java Concurrency Framework in ColdFusion applications",
    "description":"",
    "keywords":"FOSS,Java,Concurrency",
    "private":false,
    "projectURL":"https://github.com/pixl8/cfconcurrent",
    "license":[
        {
            "type":"MIT",
            "URL":"https://github.com/pixl8/cfconcurrent/blob/stable/LICENSE.txt"
        }
    ],
    "ignore":[
        ".git/*",
        ".gitignore",
        ".travis.yml",
        ".twgit_features_subject",
        "*.sh",
        "build/*",
        "examples/*"
    ]
}
