{
    "name":"Preside",
    "version":"10.10.0",
    "author":"Pixl8 Interactive",
    "createPackageDirectory":true,
    "packageDirectory":"preside",
    "homepage":"https://www.preside.org",
    "documentation":"https://docs.preside.org",
    "repository":{
        "type":"github",
        "URL":"https://github.com/pixl8/Preside-CMS"
    },
    "bugs":"https://presidecms.atlassian.net",
    "slug":"presidecms",
    "shortDescription":"The Preside platform by Pixl8 Interactive",
    "description":"",
    "instructions":"https://docs.preside.org/quickstart.html",
    "changelog":"https://www.preside.org/release-notes.html",
    "keywords":"CMS,ColdBox,FOSS",
    "private":false,
    "projectURL":"https://www.preside.org",
    "license":[
        {
            "type":"LGPLv2",
            "URL":"https://github.com/pixl8/Preside-CMS/blob/stable/LICENSE.txt"
        }
    ],
    "dependencies":{
        "sticker":"1.2.2",
        "lucee-spreadsheet":"github:cfsimplicity/lucee-spreadsheet#v1.3.0",
        "presidecmseditor":"github:pixl8/Preside-Editor#4.11.3",
        "cbi18n":"1.3.1+56",
        "cbmessagebox":"2.2.0+10",
        "cbstorages":"1.3.0+14",
        "cbjavaloader":"1.5.0+35",
        "coldbox":"5.4.0",
        "cfconcurrent":"2.1.3"
    },
    "devDependencies":{
        "testbox":"2.7.0"
    },
    "installPaths":{
        "sticker":"system/externals/sticker/",
        "lucee-spreadsheet":"system/externals/lucee-spreadsheet/",
        "testbox":"tests/testbox/",
        "presidecmseditor":"system/assets/ckeditor/",
        "cbi18n":"system/modules/cbi18n/",
        "cbmessagebox":"system/modules/cbmessagebox/",
        "cbstorages":"system/modules/cbstorages/",
        "cbjavaloader":"system/modules/cbjavaloader/",
        "coldbox":"system/externals/coldbox/",
        "cfconcurrent":"system/externals/cfconcurrent/"
    },
    "ignore":[
        ".git/*",
        ".gitignore",
        ".travis.yml",
        ".twgit_features_subject",
        "build.sh",
        "test.sh"
    ],
    "testbox":{
        "runner":"http://127.0.0.1:9999/runtests.cfm"
    }
}
